personal_loan,how can i apply for personal loan
personal_loan,I want to apply for personal loan
personal_loan,I would like to apply for personal loan
personal_loan,where can i apply for personal loan
personal_loan,application for personal loan
personal_loan,personal loan application
business_loan,how can i apply for business loan
business_loan,I want to apply for business loan
business_loan,I would like to apply for business loan
business_loan,where can i apply for business loan
business_loan,application for business loan
business_loan,business loan application
personal_loan_amount,what is the amount of personal loan i can avail
personal_loan_amount,personal loan amount
personal_loan_amount,i would like to know the personal loan amount i can get
personal_loan_amount,what is the maximum personal loan amount
personal_loan_amount,can i know the personal loan amount i can get
personal_loan_amount,can you share the personal loan amount i can avail
personal_loan_amount,amount of personal loan
business_loan_amount,what is the amount of business loan i can avail
business_loan_amount,business loan amount
business_loan_amount,i would like to know the business loan amount i can get
business_loan_amount,what is the maximum business loan amount
business_loan_amount,can i know the business loan amount i can get
business_loan_amount,can you share the business loan amount i can avail
business_loan_amount,amount of business loan
credit_card,how can I apply for a credit card
credit_card,I want to apply for credit cards
credit_card,I would like to apply for credit cards
credit_card,I would like to apply for credit card
credit_card,credit card application
credit_card,Can you help with the procedure for applying a credit card
credit_card,please help with credit card application details
debit_card,how can I apply for a debit card
debit_card,I want to apply for debit cards
debit_card,I would like to apply for debit cards
debit_card,I would like to apply for debit card
debit_card,debit card application
debit_card,Can you help with the procedure for applying a debit card
debit_card,please help with debit card application details
credit_card_addon,i want an addon for my credit card
credit_card_addon,credit card addon
credit_card_addon,can i get a credit card add on
credit_card_addon,i would like to get an add on for my credit card
credit_card_addon,what is the procedure to get a credit card addon
credit_card_addon,how can i get a credit card add on
credit_card_addon,i want a credit card add on
credit_card_addon,please share the procedure to get credit card add on
credit_card_addon,i want a credit card addon
debit_card_addon,i want an addon for my debit card
debit_card_addon,debit card addon
debit_card_addon,can i get a debit card add on
debit_card_addon,i would like to get an add on for my debit card
debit_card_addon,what is the procedure to get a debit card addon
debit_card_addon,how can i get a debit card add on
debit_card_addon,i want a debit card add on
debit_card_addon,please share the procedure to get debit card add on
debit_card_addon,i want a debit card addon
current_account,i want to open a current account
current_account,how to open a current account
current_account,i would like to open a current account
current_account,open current account
current_account,current account opening procedure
current_account,current account open
savings_account,i want to open a savings account
savings_account,how to open a savings account
savings_account,i would like to open a savings account
savings_account,open savings account
savings_account,savings account opening procedure
savings_account,savings account open
current_account_interest,how much interest do i get in a current account
current_account_interest,what is the interest rate for current account
current_account_interest,current account interest rate
current_account_interest,interest rate for current account
savings_account_interest,how much interest do i get in a savings account
savings_account_interest,what is the interest rate for savings account
savings_account_interest,savings account interest rate
savings_account_interest,interest rate for savings account
schedule_appointment,i want to schedule an appointment
schedule_appointment,schedule an appointment
schedule_appointment,i want an appointment to be scheduled
schedule_appointment,schedule appointment
schedule_appointment,schedule appointment please